{"scoring":null,"notes":"","legend":"You are given two integers $K$ and $S$.\nThree variables $X$, $Y$ and $Z$ take integer values satisfying $0 \\leq X,Y, Z \\leq K$.\nHow many different assignments of values to $X$, $Y$, and $Z$ are there such that $X + Y \n + Z = S$?\n","authorLogin":"nikhilhassija","language":"english","timeLimit":1000,"output":"Output a single integer denoting number of ordered triples $(X, Y, Z)$ satisfying above conditions. ","inputFile":"stdin","outputFile":"stdout","input":"There is only one line in input, consisting two integers $K$ $(2 \\leq K \\leq 2500$ and $S$ $(0 \\leq S \\leq 3K)$","authorName":"Nikhil Hassija","sampleTests":[{"output":"1\n","input":"1 3\n"},{"output":"7\n","input":"2 3\n"},{"output":"12\n","input":"3 5\n"}],"name":"Sum of Three Integers","interaction":null,"memoryLimit":268435456,"tutorial":""}
