{"scoring":null,"notes":"\\textbf{Attribution:} Nordic Collegiate Programming Contest 2016","legend":"A tremendous lottery is being held in campus, with huge prizes to be won.\\\\\nMore specifically, there are $K$ prizes up for grabs, and all you have to do is put a piece of paper with your name in the raffle box, and prizes would be drawn randomly, without putting a drawn name back in the box.\\\\\nAmbar, being ever so greedy as he was, has decided to put his name multiple times, to increase his chances of winning, for Ambar knows that the lottery organisers are lazy, so would not check the box for multiple entries, unless the same name appears in more than 1 draw.\nThe lottery box already contains $N$ names (excluding Ambar), now Ambar wonders how many times he must put his name in the box to maximise his chances of winning, and at the same time minimising the chances of getting busted in case his name is drawn more than once.","authorLogin":"aayush9","language":"english","timeLimit":1000,"output":"Output a single line containing the maximum possible probability of winning a prize, accurate up to an absolute error of $10^{-6}$.","inputFile":"stdin","outputFile":"stdout","input":"The input consists of a single line containing two integers $N$ \\& $K$ ($2 \\le K \\le N \\le 10^6$), where $N$ is the number of names in the box excluding Ambar, and $K$ is the number of prizes that will be given away, and thus the draws that would be made.","authorName":"Aayush Aggarwal","sampleTests":[{"output":"0.60000000000\n","input":"3 2\n"},{"output":"0.45049857550\n","input":"23 5\n"}],"name":"Ambar and Lottery","interaction":null,"memoryLimit":268435456,"tutorial":""}
