<?xml version="1.0" encoding="utf-8" standalone="no"?>
<problem revision="2" short-name="ps59b" url="https://polygon.codeforces.com/p62A2QH/nikhilhassija/ps59b">
    <names>
        <name language="english" value="Sum of Three Integers"/>
    </names>
    <statements>
        <statement charset="UTF-8" language="english" path="statements/english/problem.tex" type="application/x-tex"/>
        <statement language="english" path="statements/.pdf/english/problem.pdf" type="application/pdf"/>
        <statement charset="UTF-8" language="english" path="statements/.html/english/problem.html" type="text/html"/>
    </statements>
    <judging cpu-name="Intel(R) Core(TM) i5-3470 CPU @ 3.20GHz" cpu-speed="3600" input-file="" output-file="">
        <testset name="tests">
            <time-limit>1000</time-limit>
            <memory-limit>268435456</memory-limit>
            <test-count>23</test-count>
            <input-path-pattern>tests/%02d</input-path-pattern>
            <answer-path-pattern>tests/%02d.a</answer-path-pattern>
            <tests>
                <test method="manual" sample="true"/>
                <test method="manual" sample="true"/>
                <test method="manual" sample="true"/>
                <test cmd="gen 2" method="generated"/>
                <test cmd="gen 1" method="generated"/>
                <test cmd="gen 3" method="generated"/>
                <test cmd="gen 4" method="generated"/>
                <test cmd="gen 5" method="generated"/>
                <test cmd="gen 6" method="generated"/>
                <test cmd="gen 7" method="generated"/>
                <test cmd="gen 8" method="generated"/>
                <test cmd="gen 9" method="generated"/>
                <test cmd="gen 10" method="generated"/>
                <test cmd="gen 11" method="generated"/>
                <test cmd="gen 12" method="generated"/>
                <test cmd="gen 13" method="generated"/>
                <test cmd="gen 14" method="generated"/>
                <test cmd="gen 15" method="generated"/>
                <test cmd="gen 16" method="generated"/>
                <test cmd="gen 17" method="generated"/>
                <test cmd="gen 18" method="generated"/>
                <test cmd="gen 19" method="generated"/>
                <test cmd="gen 20" method="generated"/>
            </tests>
        </testset>
    </judging>
    <files>
        <resources>
            <file path="files/gen.py" type="python.3"/>
            <file path="files/olymp.sty"/>
            <file path="files/problem.tex"/>
            <file path="files/statements.ftl"/>
            <file path="files/testlib.h" type="h.g++"/>
        </resources>
        <executables>
            <executable>
                <source path="files/gen.py" type="python.3"/>
            </executable>
        </executables>
    </files>
    <assets>
        <checker name="std::ncmp.cpp" type="testlib">
            <source path="files/check.cpp" type="cpp.g++"/>
            <copy path="check.cpp"/>
            <testset>
                <test-count>0</test-count>
                <input-path-pattern>files/tests/checker-tests/%02d</input-path-pattern>
                <output-path-pattern>files/tests/checker-tests/%02d.o</output-path-pattern>
                <answer-path-pattern>files/tests/checker-tests/%02d.a</answer-path-pattern>
                <tests/>
            </testset>
        </checker>
        <solutions>
            <solution tag="main">
                <source path="solutions/B.cpp" type="cpp.g++17"/>
            </solution>
            <solution tag="time-limit-exceeded-or-accepted">
                <source path="solutions/B_TLE.cpp" type="cpp.g++17"/>
            </solution>
            <solution tag="accepted">
                <source path="solutions/B_tester.cpp" type="cpp.g++17"/>
            </solution>
        </solutions>
    </assets>
    <properties>
        <property name="tests-wellformed" value="true"/>
    </properties>
    <stresses>
        <stress-count>0</stress-count>
        <stress-path-pattern>stresses/%03d</stress-path-pattern>
        <list/>
    </stresses>
</problem>
