{"scoring":null,"notes":"","legend":"Ambar is caught in the cartesian plane and he's trying to get form $(0,0)$ to $(N,0)$. He has a jetpack that can help him reach his destination. At each step he can move from $(x,y)$ to:\n\\begin{itemize}\n\\item $(x+1,y+1)$ if he uses the jetpack.\n\\item $(x+1,max(0,y-1))$ if he doesn't use the jetpack.\n\\end{itemize}\n\nThe jetpack has $K$ charges, so Ambar can't stay above the x-axis for more than $2*K$ steps. On the other hand, the jetpack completely recharges if Ambar reaches the x-axis.\\\\\nCount number of different paths Ambar can take in order to reach his destination. Since this number can be very large, output it modulo $10^9 \\, + \\, 7$.","authorLogin":"aayush9","language":"english","timeLimit":3000,"output":"Output a single number representing the number of valid paths modulo $10^9 \\, + \\, 7$.","inputFile":"stdin","outputFile":"stdout","input":"The only line of input contains two integers $N$ \\& $K$ $(1 \\, \\le \\, N,K \\, \\le \\, 10^5)$.","authorName":"Aayush Aggarwal","sampleTests":[{"output":"3\n","input":"3 1\n"},{"output":"5\n","input":"4 1\n"},{"output":"6\n","input":"4 2\n"},{"output":"213\n","input":"10 3\n"}],"name":"Ambar and Jetpack","interaction":null,"memoryLimit":268435456,"tutorial":""}
