<?xml version="1.0" encoding="utf-8" standalone="no"?>
<problem revision="6" short-name="ps59e" url="https://polygon.codeforces.com/p5cF7mN/aayush9/ps59e">
    <names>
        <name language="english" value="Ambar and Negative Base"/>
    </names>
    <statements>
        <statement charset="UTF-8" language="english" path="statements/english/problem.tex" type="application/x-tex"/>
        <statement language="english" path="statements/.pdf/english/problem.pdf" type="application/pdf"/>
        <statement charset="UTF-8" language="english" path="statements/.html/english/problem.html" type="text/html"/>
    </statements>
    <judging cpu-name="Intel(R) Core(TM) i5-3470 CPU @ 3.20GHz" cpu-speed="3600" input-file="" output-file="">
        <testset name="tests">
            <time-limit>3000</time-limit>
            <memory-limit>268435456</memory-limit>
            <test-count>14</test-count>
            <input-path-pattern>tests/%02d</input-path-pattern>
            <answer-path-pattern>tests/%02d.a</answer-path-pattern>
            <tests>
                <test method="manual" sample="true"/>
                <test method="manual" sample="true"/>
                <test method="manual" sample="true"/>
                <test method="manual" sample="true"/>
                <test cmd="Generator 144" method="generated"/>
                <test cmd="Generator 10" method="generated"/>
                <test cmd="Generator 20" method="generated"/>
                <test cmd="Generator 30" method="generated"/>
                <test cmd="Generator 40" method="generated"/>
                <test cmd="Generator 50" method="generated"/>
                <test cmd="Generator 80" method="generated"/>
                <test cmd="Generator 120" method="generated"/>
                <test cmd="Generator 255" method="generated"/>
                <test cmd="Generator 512" method="generated"/>
            </tests>
        </testset>
    </judging>
    <files>
        <resources>
            <file path="files/olymp.sty"/>
            <file path="files/problem.tex"/>
            <file path="files/statements.ftl"/>
            <file path="files/testlib.h" type="h.g++"/>
        </resources>
        <executables>
            <executable>
                <source path="files/Generator.cpp" type="cpp.g++11"/>
            </executable>
            <executable>
                <source path="files/Validator.cpp" type="cpp.g++11"/>
            </executable>
        </executables>
    </files>
    <assets>
        <checker name="std::wcmp.cpp" type="testlib">
            <source path="files/check.cpp" type="cpp.g++"/>
            <copy path="check.cpp"/>
            <testset>
                <test-count>0</test-count>
                <input-path-pattern>files/tests/checker-tests/%02d</input-path-pattern>
                <output-path-pattern>files/tests/checker-tests/%02d.o</output-path-pattern>
                <answer-path-pattern>files/tests/checker-tests/%02d.a</answer-path-pattern>
                <tests/>
            </testset>
        </checker>
        <validators>
            <validator>
                <source path="files/Validator.cpp" type="cpp.g++11"/>
                <testset>
                    <test-count>0</test-count>
                    <input-path-pattern>files/tests/validator-tests/%02d</input-path-pattern>
                    <tests/>
                </testset>
            </validator>
        </validators>
        <solutions>
            <solution tag="main">
                <source path="solutions/Sol.cpp" type="cpp.g++11"/>
            </solution>
            <solution tag="accepted">
                <source path="solutions/Solution.cpp" type="cpp.g++11"/>
            </solution>
        </solutions>
    </assets>
    <properties>
        <property name="tests-wellformed" value="true"/>
    </properties>
    <stresses>
        <stress-count>0</stress-count>
        <stress-path-pattern>stresses/%03d</stress-path-pattern>
        <list/>
    </stresses>
</problem>
