{"scoring":null,"notes":"","legend":"Ambar is interested in keeping this problem statement short, so let us get straight to the point.\\\\\nFind the number of binary search trees with $N$ nodes and height exactly $H$, modulo $10^9 \\, + \\, 7$.\n","authorLogin":"aayush9","language":"english","timeLimit":1000,"output":"Output a single integer, number of distinct BST's modulo $10^9 \\, + \\, 7$.","inputFile":"stdin","outputFile":"stdout","input":"The input consists of a single line having two integers $N$ \\& $H$ $(1 \\, \\leq \\, H \\, \\leq \\, N \\, \\leq 500)$.","authorName":"Aayush Aggarwal","sampleTests":[{"output":"4\n","input":"3 3\n"},{"output":"6\n","input":"4 3\n"},{"output":"6\n","input":"5 3\n"}],"name":"Ambar and BST","interaction":null,"memoryLimit":268435456,"tutorial":""}
