{"scoring":null,"notes":"","legend":"Bored with standard binary representation, Ambar is trying to represent numbers in base (-2).\\\\\nIn order to do that, he has a binary string corresponding to representation of a number $N$ in base (-2), and now inductively wants to find the representation of $N+1$ in base (-2).\nHelp him do that.\\\\\n\\textbf{Note:} The right-most digit is the least significant bit, i.e. corresponding to $(-2)^0$, and the left-most digit corresponds to $(-2)^{|s|-1}$.\\\\","authorLogin":"aayush9","language":"english","timeLimit":3000,"output":"Output a single line, consisting a binary string of representing $(N+1)_{-2}$, which does not contain leading zeros incase the length of the string is > 1.","inputFile":"stdin","outputFile":"stdout","input":"The first and only line of input contains a binary string s $(1 \\leq |s| \\leq 10^5)$, the given number $N$ in base (-2). It is guaranteed that the string doesn't contain leading zeros, incase $|s|$ > 1.","authorName":"Aayush Aggarwal","sampleTests":[{"output":"1\n","input":"0\n"},{"output":"110\n","input":"1\n"},{"output":"0\n","input":"11\n"},{"output":"11010\n","input":"101\n"}],"name":"Ambar and Negative Base","interaction":null,"memoryLimit":268435456,"tutorial":""}
